rms,label
1965.5434758043198,0
3002.162462591669,2
1963.9979800729736,0
1942.4628522521218,0
1928.3004045546081,0
2116.0470233763454,1
2030.1834682780097,1
2742.579937915324,2
1890.1665289374216,0
2902.9749844996563,2
2103.5449182596176,1
2260.0168881977575,1
2207.3151574557564,1
1923.4527191351362,0
2274.6267443859233,1
2251.227462887144,1
2096.197797822908,1
1885.1759550589732,0
1987.6200764143002,1
2010.8093855236143,0
2364.6501490943747,1
2050.7495832842205,0
2726.488156539263,2
2000.4758777178401,0
1950.9735002226,0
2334.505922905037,1
1963.3088745749485,0
2956.560374965112,2
2206.1133294232045,1
2026.500069996434,0
2679.579690347297,2
2364.282908521352,1
2981.9521874916923,2
2349.2959230734364,1
2082.639516527577,0
2077.2336187331384,1
2223.8795225733884,1
1981.565740792651,0
2047.4659843592297,1
2117.5501402754708,1
2595.5832902496736,2
2198.2275951730408,1
2169.7728650418367,1
2548.5752230182525,2
2113.019188814351,1
2767.938448594352,2
2339.68519707434,1
3060.2503978018717,2
2798.4612299053974,2
2283.3996486515257,1
1979.6725330901104,0
2274.936954370689,1
2818.125667279701,2
2856.8497618088727,2
2222.086801326662,1
1837.4625851634921,0
2598.985345062164,2
2982.0087348193288,2
2256.47254419766,1
2914.9587650472367,2
2567.5873314287837,2
2829.1996352254937,2
3010.765449543546,2
2054.7491297673423,0
2726.347281921787,2
2009.473860016427,0
2146.9551675941802,1
2745.9680195286746,2
2381.617619908785,1
2900.035583725216,2
1800.0,0
2275.243714737119,1
2321.0890834681672,1
2628.1177271080346,2
2881.2071701934556,2
1965.5160402697295,0
2188.2996942188715,1
1967.4344178389817,1
2287.8285725559845,1
2175.896812719343,1
2744.239963032715,2
2002.7860003523447,0
2898.0798580254627,2
2529.5008634329597,1
2014.197342424848,0
2023.255875631118,0
1984.872721211875,0
2927.615099775235,2
2358.920255676802,1
1892.6914451494988,0
2811.44334222756,2
2109.0057766728287,0
2012.8469105314077,0
2043.0065249241727,0
2778.8106416676574,2
1961.0849047244574,0
2107.6791131220943,1
2201.937213325326,1
2196.837807717162,1
2657.034035992228,2
1972.3276787638022,0
2069.9641952828474,1
1924.6653005426122,0
2863.676086044963,2
2946.46120173334,2
2128.018604142561,0
2742.7867219810046,2
2182.0234014617326,1
1957.1032321970029,0
2920.5186412433354,2
2256.4741180972937,1
2847.510716045473,2
2013.3767849801336,1
2288.8841044674095,1
2189.843516818206,1
2155.0031817936024,1
1956.424812242981,0
2267.3265009050397,1
1950.3172021569744,0
1918.3265189678623,0
2218.393059730409,1
1865.703683757435,0
2595.705770048383,2
2603.027058093319,1
2084.9442152562465,0
2361.6824523822984,1
2272.033966197777,1
3171.415290378745,2
2231.362049648994,1
2734.0947125750135,2
2385.5505160656903,1
2725.87996447752,2
1993.3537691492925,0
2022.3014011382345,0
2982.1528385751653,2
2097.498474928869,1
1885.4658726235364,0
1913.7787308784914,0
3125.406788040344,2
2863.5950835165554,2
2483.6314448763906,2
2159.109500936609,1
2774.9586851929425,2
2614.714267699294,2
2620.550900383854,2
1877.8373269647084,0
2128.0179993368456,1
2269.8451714734947,1
2125.242057659063,1
2687.9777873725316,2
2778.497033918933,2
2484.7712392366484,2
2303.4588738780913,1
1814.9363336769375,0
2308.7996456630967,1
1936.5350472777134,0
2259.983784576458,1
1934.491506714717,0
2787.423225878639,2
2161.743379875206,1
2101.4576330965247,1
2205.866961648457,1
2195.6168287383452,1
2026.7932256207805,0
1944.8734849117866,1
1962.7516085613959,0
2248.0347602448433,1
3029.9994480808664,2
1938.2604219918044,0
1944.407387811355,0
2275.535054110757,1
1818.9836696429836,0
2791.814471387891,2
1951.788178160678,0
2872.587169911333,2
2177.5657359254383,1
2058.1290606878406,1
2107.69606102253,1
2649.222928249161,2
2283.6345433366255,1
2888.6412527736215,2
2378.832143140997,1
2241.282918448518,1
2208.377455757162,1
2756.9760565895335,2
2717.7736572308286,2
2062.2803207164693,1
1971.8034451588317,0
2905.5282346720073,2
1962.7670064489262,0
2298.1728774623716,1
3029.1432368842015,2
2225.93493292097,1
2655.59497118201,2
2145.1374750163272,1
2618.515376131725,2
2738.532496450759,2
2902.6144250583625,2
2579.973482509173,2
2601.4953246615382,2
1890.3652689613004,0
3090.8812829393014,2
2031.741871690403,0
2093.3938201031006,0
2337.652307794973,2
1930.3196967182953,0
2780.508301666958,2
2035.4045856837752,0
2076.872743423652,0
1940.942482519793,0
2624.160929372253,2
2248.0236594802363,1
2755.5433771000266,2
2998.829894522335,2
2570.668721993937,2
2075.6479427505537,0
2976.0890274779426,2
2614.7151663516293,2
2115.779064655686,1
1995.3125297594913,1
2140.2011248416566,1
2826.1116771253814,2
1876.0159492117562,0
1809.3958081607925,0
2703.919198649306,2
2907.8999226646342,2
1972.3089021520193,1
2840.5750478657296,2
2192.7492903606053,1
2331.54977406322,1
1965.5929366830874,0
2085.150531483104,0
3011.2452441565856,2
2836.337877585345,2
2241.047076603716,1
1943.614439694359,1
2068.3534050570993,0
1992.884298508679,0
3200.0,2
2135.2965422920565,1
1908.621285539638,0
2775.892193306459,2
2374.2550423464227,1
2811.704067032572,2
1881.8542731683044,0
1879.7433662649494,0
1938.7206688206425,0
2883.069446961848,2
2698.290911406548,2
2621.1213536278656,2
2419.7038282753274,1
3080.7068265211356,2
2051.0395437394463,1
1987.007803282373,0
2162.5595828531104,1
2220.3286674495166,1
2373.7832286351827,1
2092.8649610196953,0
2728.543133456722,2
2763.3059960109713,2
2882.9989708183753,2
2157.3160575943566,1
1944.3714183881843,0
2606.8427284124105,2
2722.1618543698537,2
2332.107034496555,1
2143.1648161038083,1
1937.707250618652,0
2285.7032393361255,1
2231.7241630014487,1
1953.4267376235298,0
2206.8656493898798,1
2032.5146049947666,0
2223.783852509728,1
2175.3658621838813,1
1941.2369249526625,0
1952.6038294279238,0
2602.4081242560583,2
1985.82915257317,0
2671.8643073914,2
1941.799562312831,0
2063.3439684504847,0
2114.4106299911223,0
1972.304975923285,1
2690.2722320779912,2
2270.2844031548802,1
2222.769136540024,1
3084.4400713581103,2
2984.5186477533366,2
2129.679346870676,0
2230.8089752642763,1
1917.77681092468,0
2792.374853027096,2
2415.046726543383,1
2879.581405913789,2
1905.60543006137,0
2288.3817537611326,1
2066.1220577300464,1
1939.2295987247132,0
2066.691034202385,1
2057.3179936687015,0
2955.754397358427,2
2165.1169743628934,1
1927.3876795246022,0
2299.9532646432685,1
2025.4228504723787,0
2166.3263183956246,1
2903.9565061664666,2
2212.262080187539,1
1976.5195263108176,0
1961.9640572629364,0
2007.2597604690013,0
1874.3176105292962,0
2742.580267318243,2
2264.9936764326017,1
2702.1339599797116,2
1966.907071602407,0
1973.1891721100048,0
2962.6297861037674,2
2016.4729751544396,0
2300.7821820687495,1
2020.9451682609008,0
2012.5241844632394,1
1933.5352237535428,0
2651.0926111532235,2
1963.6012587019613,0
3017.6024831461636,2
2119.5771700219066,1
2999.3838826278256,2
2875.6834465348625,2
2133.90945389819,1
2989.5310792905148,2
2083.4867450935917,0
2172.730462109015,1
1822.8131290745343,0
2102.72891543868,1
2845.9919736214824,2
2215.769342036712,1
2713.991931149947,2
2800.6494332610237,2
2888.527026574974,2
2307.062880972517,1
2888.267430133303,2
1836.9010689785796,0
3089.984746107202,2
2293.614320455927,1
1820.5246171537551,0
3011.618069718238,2
2285.726841350731,1
2328.6961954148555,1
2358.9520486012143,1
1975.0101348545404,0
2226.509218450992,1
1833.55485542139,0
2362.749563264888,1
2130.8812526009697,1
2715.816019788745,2
2770.448766591054,2
2242.8650676780226,1
2144.7048100483116,1
2792.774299810515,2
2843.104105969913,2
2282.118716707336,1
1978.7015012582517,0
2269.6722497839896,1
2293.3879250802174,1
2637.0031049252743,2
2138.9771747917553,1
2150.962754205901,1
2713.0046303990716,2
1929.7705120575765,0
2867.8525168206497,2
2343.747951329847,1
2165.6508791100305,1
2252.0808199122703,1
2322.329177806828,1
2035.5480416636035,0
1938.8387338504247,0
2007.4326249910814,0
2775.192486764738,2
2249.6304529856134,1
2205.9190385474126,1
2205.777887747197,1
1986.4178088933281,0
2102.4475606907763,1
2263.201113598199,1
2046.6620452686682,1
2166.992310903555,1
1870.8801148091686,0
2685.829209839505,2
2086.643704177784,1
2824.787063909284,2
2860.636890034942,2
2593.2975819214744,2
2370.9875127614687,1
2081.3054378531874,1
2383.949234897878,1
2381.6490357905996,1
2346.7092382348937,2
2240.9674919236827,1
1948.3899405220145,0
2098.1319176924853,1
2830.397425030179,2
2290.2091935097037,1
2210.2249924927733,1
2901.3292109342988,2
1885.6300183866267,0
2926.205633108603,2
1869.5714649909894,0
2804.3962968210594,2
1975.6199550294566,0
2008.7071009344977,0
1978.225635031337,0
2200.4891436053026,1
2109.769459340167,1
2429.916616540692,1
2029.9164164608806,0
3118.69848794221,2
2900.0511613702342,2
1800.0,0
2047.2019313803664,1
2873.9646466654663,2
2726.6600499667834,2
1987.8919439114518,0
1964.8274668477247,0
3115.2907615927097,2
2874.2388087654635,2
2315.8869907247417,1
2916.594765002797,2
2025.5500272867394,0
1942.999339249425,0
2085.828579358967,1
2834.9303490343405,2
2404.3795692067806,1
2246.5532844311724,1
2148.2678944890786,1
1922.6661100893434,0
2183.2509746365167,1
2232.8753029302884,1
2185.1540156789124,1
2727.558124046181,2
1953.7618001729945,1
1933.6937638293675,0
2229.2519853473927,1
2826.5188139127845,2
2785.9581407778505,2
2673.19460515397,2
2052.3396462912083,0
2816.4185572962074,2
2845.512092678237,2
1913.7576740655168,0
2139.775420807363,0
1953.3417728551003,0
1898.434312198436,0
2288.8908550846595,1
2017.6176956242266,0
1877.1402848025573,0
2288.1653267739757,1
1891.9350207528155,0
1963.9097415527722,0
2715.946649517569,2
1908.671221647606,0
2729.208091719178,2
2638.028533573653,2
2210.6636226189585,1
2704.75336626165,2
2204.7242057548556,1
2218.1277532876766,1
2268.974438314325,1
2059.0463005003944,1
1943.0007433183066,0
1933.4394297891936,0
2357.0499199803053,1
2969.429760102512,2
2278.2243646738357,1
2714.7065540420567,2
2792.6339186875857,2
2694.288848872813,2
1922.7893629044881,0
2619.898089826943,2
1875.4090024764573,0
2828.0113070200846,2
2068.764305204973,0
2810.0150148287335,2
1988.2288305833858,0
2189.0297833267055,1
2964.7180105848797,2
2604.8861043787747,2
3200.0,2
2119.348513897388,1
2131.8319995085267,1
1946.2969636276057,0
1978.419616562484,0
1884.9158688639664,0
2278.720166485227,1
3004.6205365506444,2
2262.830161707544,1
3104.210506906651,2
1927.065247798853,0
2702.042724434488,2
2869.261099582368,2
2190.7943948704838,1
2154.079776263095,1
1929.7064054040993,0
2282.6835426443395,1
1951.7512580599794,0
1923.9699731501555,0
2068.6931514983344,1
2242.216074572062,1
2907.909609724372,2
2220.151568949616,1
2795.7967755459917,2
3080.5149544604365,2
1914.6391748887893,0
1918.4955008408263,0
2760.565066463624,2
2728.837764913387,2
1984.916815951949,0
2165.441747459784,1
2522.640079748233,2
1902.570564987743,0
2768.1817408392844,2
2118.221664070915,0
2303.804133211171,1
1973.857949756619,0
1883.5320252580816,0
2052.372998822979,0
2882.8157892939403,2
1952.6409301691817,0
2923.222720322607,2
2061.1112314911315,1
2308.1022636937428,1
2291.7179803662398,1
1874.245533325584,0
1960.5680818808762,0
1963.8519992126858,0
1992.659947479971,0
2081.9475357504853,0
2156.748700127143,1
2037.0750233293527,0
2328.577193881435,1
2655.2001486842682,2
1973.4437186569055,0
2055.9610618702814,1
2988.968982308016,2
1958.5687349820062,0
2801.7679276961717,2
2105.6111352358535,1
1996.6397594004002,0
2068.2576698674743,0
2711.5280634739784,2
2292.1937695554807,1
2314.5995149206155,1
2918.083497788485,2
2846.1040878835,2
1937.9821044224714,0
2841.655780803408,2
2110.1299433533313,1
1921.2146875748074,0
1970.6477540161784,0
2229.051673443797,1
2228.9212880670766,1
2319.9597845198437,1
2030.2552879397201,0
2248.3840091902434,1
2011.0802875680508,0
2650.1306550706236,2
2149.8091608565865,1
2240.5505943051353,1
2037.398482721988,0
3072.464083803431,2
1956.3004255781882,0
2200.6381273748502,1
2698.2777252333713,2
1949.4738824616354,0
1933.9080755851126,0
2632.821520334931,2
2918.177766454058,2
3049.3276206831642,2
2958.861158204497,2
2877.1582436937565,2
2956.3047699903614,2
2111.801754159644,1
2000.2745667110646,0
3063.7356825306,2
2001.3769389063573,1
2832.493627418899,2
2022.4643689638337,0
1950.7131071287208,0
1968.0225031947139,0
2220.6800394845372,1
2367.1426871168896,1
1967.8188073685176,0
2010.5890665815893,1
2706.529053275698,2
2012.439208950632,1
1954.951085579076,0
2179.8198985586355,1
1929.0283198559812,0
1949.5572566911583,0
2248.2757794705653,1
1989.6852179470384,0
2917.9358686575,2
2008.9120713277339,1
3055.878474755502,2
2766.3938196870886,2
2564.177485518763,2
1863.5032592936877,0
2372.5180950936347,1
2980.225257639814,2
2044.8309578499668,1
2742.505994136065,2
1899.2173176278457,0
2156.4922626666353,1
2885.0230515630565,2
2267.0261435847638,1
1939.8472161742757,1
2842.8826145943976,2
2687.2322857649797,2
2103.2778010960415,0
1924.764587390549,0
2223.1424148032515,1
2277.3871715241607,1
1972.3117631472262,0
2003.3122928222012,0
1925.317309812193,0
1890.0829236184823,0
2604.827700832921,2
2198.304996670685,1
1891.4690510207759,0
1954.041683665401,0
2996.010611287577,2
2285.761134483381,1
2654.6816779636156,2
1879.9700976868478,0
2854.087935565705,2
2174.704852492001,1
1913.1403745140533,0
2737.98146155412,2
2181.674873287197,1
2083.3397993814274,1
2756.385445047784,2
2076.3877357273277,1
2244.3871084473267,1
2499.362090596474,2
1800.0,0
2890.4703353380182,2
2766.7309665004436,2
2217.498165626841,1
2947.690054325785,2
2888.6727314461136,2
1898.8267023796213,0
2815.4837308359465,2
2905.9084118595,2
2055.25311230565,1
2905.915339934037,2
1947.3776584743518,0
2220.5942233524142,1
2276.6646569507375,1
2198.7171481951787,1
1956.4595234007697,0
2188.0370348430106,1
2826.9770554133684,2
1894.6849264691366,0
2328.119429183892,1
2202.4179159046867,1
2357.9171133621685,1
2004.8444629683402,0
2221.722715898883,1
2886.458830877555,2
2124.191232729524,1
1965.8705457904166,0
2172.3707240291965,1
1826.3763113769746,0
1976.563805897185,0
2118.9791596253785,0
2856.8299029876325,2
2040.1337598327768,0
2738.024305439415,2
2914.2044653334538,2
2015.5403563122943,0
2810.6681139488546,2
2289.660402825897,1
1940.1292719537603,0
2344.2416210478714,1
1961.2523022608432,0
1950.9362118583294,0
2095.467727906464,1
2172.6214372993,1
1931.3157101866339,0
1991.1089931745494,0
2246.0163236667076,1
1856.3983789684173,0
2263.123822575686,1
2374.4872247888966,1
2150.5627358981474,1
2182.8450781236347,1
2376.1081718606824,1
2807.760319688276,2
2232.6858169506822,1
2762.8375636276483,2
2186.0864612098912,1
1913.4471736606204,0
2336.0644979253166,1
2141.5674643465104,1
2767.0923297125337,2
1900.0098334327226,0
2125.8297215352427,1
2144.327734840268,1
2256.3275248102386,1
1903.2020102425492,0
2244.034392835751,1
2829.184540924786,2
1907.4534807795262,0
3013.2075679340614,2
2682.643065021808,2
2318.171309799548,1
2043.9396004712962,0
2126.9375704417203,1
2696.9579483107077,2
2943.5641771258006,2
2199.638757628039,1
2303.8448713029297,1
1970.0433575869174,0
2617.30036908614,2
2795.303384179349,2
3135.806541371848,2
2332.8252371386216,1
2890.4995546864075,2
2922.4309741869615,2
2179.22684258558,1
1922.5322534361478,0
2143.2166348262735,1
2177.810353325135,1
2937.025229630785,2
1842.1902887860017,0
2130.1521149549553,1
2318.8289981782846,1
2252.116585720921,1
2994.0055401349023,2
2472.252298706555,1
1919.6903075454027,0
2232.0190142738875,1
2851.082886776103,2
2839.6532320964816,2
2241.050259191152,1
2027.4390087146842,0
1963.2941929653346,0
1980.4336446426248,0
2647.2281269664013,2
2273.824889065597,1
1905.0349574652773,0
1940.3838354370675,0
2065.0508878489504,1
2987.731004971476,2
1979.095043973121,0
1901.8300263688998,0
1979.806951444782,0
2275.2007861026,1
2880.7067175784205,2
2336.539683205836,1
2187.9545515324953,1
2081.051573423793,0
1949.3934603539851,0
2896.079313443268,2
1997.9060307769873,0
2307.620607657924,1
2452.6073184005386,1
2855.926802619498,2
2275.3343586089877,1
2561.3398098532857,2
2016.5571835485373,1
2177.3863542004783,1
2774.8610493637234,2
2714.3068884359127,2
1941.4412735311103,0
3189.06457447555,2
1800.0,0
2842.6747897919618,2
2286.3594281534897,1
2059.275623427928,0
2040.9284591765402,0
2777.4283459715725,2
2245.4282567702694,1
2088.369949767337,0
1956.5392926432855,0
2277.485972482578,1
1951.3177773230823,0
2741.533197837602,2
2009.066132913024,0
1930.050863749022,0
2795.176978909703,2
2221.7694312894055,1
1939.9139334925205,0
2257.5572314768156,1
2353.8519251086313,1
2376.25372407725,1
1997.108407632381,0
2814.4322552415833,2
2209.9950124381216,1
2258.265807315439,1
2096.431926107795,0
2247.3835946207932,1
2822.7611331131648,2
2945.043701034632,2
2503.4242867973335,2
2088.5221581134974,1
2724.2500309476504,2
2624.9322450128934,2
1871.36055261883,0
2582.8233362752912,2
2151.5086298944793,1
2779.9097317076585,2
2083.5685855460415,1
2278.52974029088,1
1970.9741100699437,0
2007.3230233180602,0
2230.0364598810747,1
1882.9682837701987,0
1902.7292776629522,0
1998.1545154962675,0
2781.6126688468967,2
2280.5152876314346,1
2919.156677742994,2
2214.775337421457,1
2008.8639422372542,0
2994.4220625449716,2
2858.330387086751,2
1949.0071414315019,0
1945.3774732000013,0
2827.16399845222,2
2719.6801435818065,2
2374.5162894694045,1
2697.3376694247845,2
2985.1459828731986,2
1949.3410269361025,0
2957.1573613611354,2
1991.423154033853,0
3002.0511499348054,2
2292.210711080863,1
3055.6285848237967,2
2289.233353323444,1
2568.881423631646,2
2146.4474775952863,1
1941.09722519607,0
1918.2606669063662,0
2083.1811726542082,0
1865.452735013143,0
2164.131659220568,1
2137.279995779186,1
2822.2581157786703,2
2745.4688577402508,2
2294.6572175080137,1
2801.790858772248,2
2009.4845097143896,0
2006.2181324640565,1
2052.7148583457956,0
2210.5776030523098,1
2451.771337370449,2
2363.306816231683,2
1999.9789379163524,1
2322.1862062675873,1
2025.462938153406,1
1985.0226804562953,0
2599.3346873369246,2
2088.955383548408,0
2061.704094944126,0
2584.4956732738046,2
1942.4192188491331,0
2738.2906108005745,2
2964.869537569926,2
2105.2954307069404,1
2870.6083009238723,2
2897.425066817416,2
1897.8166277157104,0
2255.5912222390625,1
3103.0292488356745,2
2195.1914105912797,1
2482.577798450331,2
2201.693141220709,1
2942.4014506432427,2
1861.462296961481,0
2234.5721470963786,1
1889.752201700785,0
2783.1405402010596,2
2166.3856408818338,1
2214.7271699893395,1
1889.4692496515097,0
1968.8249715033803,0
1870.8017965107376,0
2940.8007510394023,2
1825.0409156378366,0
2216.0765899797993,1
1956.9180019835362,0
2762.2535843154283,2
2871.7431392788353,2
1972.4118541871574,1
2150.7805814468857,0
1925.423118707831,0
2021.9226701458904,0
2837.2536597604967,2
2956.1735727424343,2
1865.393949426173,0
2764.1023868970856,2
2326.026118916944,1
2689.0331778275126,2
2823.7556814038944,2
1886.4651018394836,0
2257.495743784843,1
2331.128586292675,1
1854.2040346229126,0
2201.7643754119645,1
2290.8513794721816,1
2969.7281054224773,2
2119.905271634053,1
2234.2451044143386,1
1940.320425540682,0
2165.159545105005,1
2049.9538354704696,0
2233.8246284945258,1
2190.2574873425283,1
3012.805092634754,2
2746.8908186177255,2
2721.979240374709,2
2252.185649082967,1
1909.7076118026912,0
1970.043471451096,0
2487.7280921732613,2
2818.694995288685,2
2270.099229985579,1
2276.798017014927,1
2039.7600385328337,1
2211.743537551944,1
2296.2223005986916,1
1863.3656048275489,0
1997.6409867092157,0
2164.4287793770036,1
2933.3394888512266,2
2053.7322880250185,0
2189.884881292025,1
2687.24365124918,2
2949.653563542789,2
2708.111656596193,2
2046.6908309771452,0
1871.7446911860532,0
2688.0345414235235,2
2290.0896036458093,1
2798.0415938133283,2
2054.21728365891,0
2389.16611419987,1
2782.9053121988372,2
2289.320154675523,1
2719.6043144606665,2
2090.043565758672,0
2164.159947924268,1
2207.52303111073,1
1837.1909553771225,0
2841.921010658871,2
2220.2453007896056,1
2562.048870200226,2
2143.944478475639,1
2563.7167846784237,2
2268.4589856371567,1
2931.856222820897,2
3031.781198403426,2
2275.397764507019,1
2817.7652883367095,2
3082.7921235483086,2
2011.0924636426391,0
2218.6226493980516,1
2802.830968506102,2
2224.917232326764,1
2722.0118446240235,2
2726.687551091933,2
2299.9515784850287,1
2901.704958798513,2
1922.3691243841538,0
1985.2995193058696,0
1802.0339244824852,0
1906.4505197692124,0
2444.505263360265,1
2161.476521552566,1
2026.4687774360063,1
2162.6045854382455,1
2792.2062238145068,2
2718.252331396771,2
1871.1125597786483,0
2478.6367469294455,2
2759.2309738223144,2
2844.1594722192513,2
2178.046285901931,1
1928.649712755183,0
2558.517860622455,2
2038.5715872309402,0
1951.4384719958773,1
2080.8145544329013,0
2888.583645578928,2
2208.684987820378,1
2211.7591491953463,1
1890.5851750314785,0
2157.1953977730304,1
1954.485539487401,0
2001.224970794957,0
2239.3952020711495,1
1875.9562302835827,0
2770.8857850358922,2
1912.0128524903391,0
2225.800328804614,1
2070.069659915291,0
2066.785024298811,1
2058.032078648991,0
2009.14828808961,0
1821.6462172007214,0
2269.037394824809,1
2270.526904099983,1
2846.823102149964,2
2805.852812939902,2
1970.6583717299884,0
2908.652163266568,2
2191.99271492083,1
1878.97997126689,0
2184.0783211733988,1
3118.850131859346,2
2012.9662569144543,0
2822.7429387673933,2
2064.7906045197483,0
1881.4514523221628,0
1872.6597368400285,0
2893.7848833026405,2
2222.460202374548,1
1927.1756788443022,0
2187.187261034799,1
2777.0336964297276,2
2107.9371421530104,1
2761.8594546743348,2
1927.2971488048736,0
1829.9938765641364,0
1956.2085848531779,0
1891.222327135618,0
2581.893518106621,2
2918.119492271783,2
2153.80393826154,1
2210.2863217979943,1
2185.3698312035363,1
2255.616027308018,1
2226.875448803669,1
2622.8833796804274,2
2871.7178141338604,2
1983.6947740201638,0
2277.3129891229823,1
2149.0593513201457,1
3059.591962677591,2
2860.2168647473773,2
2247.198040149399,1
2392.103100913924,1
2897.749735249996,2
1949.0382369672573,0
2149.3626831272627,1
3048.899177058251,2
3071.6284829429637,2
1912.821578247152,0
2116.561411654662,1
1800.0,0
1966.6947606860774,0
2909.2164826939306,2
2959.8652814219768,2
2603.880792791343,2
1913.437839307444,0
2999.4025936065636,2
1832.9445131606276,0
2227.896479378062,1
1933.981417853059,0
1951.8789575194094,0
2728.1958123318695,2
2113.5461886303565,1
1929.8771814694178,0
2132.546849859715,1
2843.2534868337066,2
2544.3198070716157,2
2047.057351479293,1
1918.6903786351015,0
2015.4728033321646,0
2018.2910772291195,0
1958.4398157335693,0
2620.8853290308293,2
2722.879329686447,2
2842.9993784178414,2
2039.606320226589,1
2177.2571985511863,1
1835.7984716256599,0
2189.4893148229007,1
2924.2135728065205,2
1945.023130703907,0
2103.1507233653456,0
2795.8320037036515,2
2023.4038085180107,0
1932.394747013774,0
2156.611061944981,1
2068.1971879715425,1
1897.3953523138096,0
2753.31569860354,2
1975.250705491488,0
1800.0,0
2832.6992578233076,2
2189.7515104078116,1
2991.16275923383,2
2870.250010789374,2
2068.5242640933907,0
2816.4850920053022,2
2788.408512597869,2
2842.8556755229924,2
1942.5496962856898,0
2762.2194297608644,2
2827.3094599134993,2
2259.6244335063952,1
1800.0,0
2126.0446473260513,1
1914.5497965422394,0
2221.3589648064562,1
2624.377298790838,2
2261.73472948291,1
2029.725988564353,1
2710.1006967212447,2
1878.6772157914825,0
1984.4255287815233,0
2038.6697677875186,0
2732.7171644055848,2
2452.789613904811,1
2757.173843998001,2
2282.4411986376012,1
2909.156755601498,2
1978.8786241292157,0
2215.4292532006334,1
1951.6080076592948,0
2570.174476981414,2
2041.4278903026586,0
2797.0180128631982,2
2612.219505356551,2
1800.0,0
2047.4967835913474,0
1961.9295987392911,0
2299.250020529658,1
3059.4374647849017,2
2211.126823569819,1
2972.768758023948,2
1935.7304162510482,0
1970.0535119091703,0
2246.400385726852,1
2469.1724059145713,1
2073.8524487703007,1
2984.2851373114436,2
2052.5638311340376,0
1889.3229387057995,0
3038.0926206247937,2
2278.4194852467344,1
2764.978407549509,2
1974.5758760172755,0
2238.377415780501,1
2760.5840362401923,2
1980.7451670127007,0
2541.0196516374263,2
1870.6286172728044,0
2240.0957461211406,1
1967.1333619225866,0
2793.2558033195737,2
2619.323969546174,2
2002.970703243012,0
1908.7094210670932,0
1926.0541370977103,0
2293.59290653391,1
2931.989865461497,2
2544.4809111052755,2
2620.935708315951,2
1838.5562519722096,0
2936.9714017265997,2
1905.2050887785533,0
2056.422636379666,0
2489.1753411361155,2
2330.0391486969843,1
2788.9846874677314,2
2609.8958875065,2
2099.196265601863,1
2038.0352763188466,0
2311.4282928453586,1
2247.4048269810405,1
2612.9164517455815,2
1933.333201571191,0
1978.9946923066943,0
1999.7286692894293,0
1877.3256376069162,0
2324.54492526346,1
2807.8767638160807,2
2019.326763091113,0
2162.029292594452,1
2756.346748744272,2
1984.4853243805478,1
2760.7914503840825,2
2955.12762843552,2
2173.293394615336,1
2101.1921439190637,1
1968.900844015444,0
2005.429916426892,0
1941.0506564622367,0
2896.9422310795676,2
2697.8458707108093,2
1897.517015957733,0
2812.34078699455,2
2185.5416855881094,1
2839.809916219461,2
2760.537423716374,2
2881.279085416046,2
1965.1515616028878,0
2942.587104379021,2
1905.8647203760684,0
1993.9432796078975,0
1915.8598774583363,0
2846.6734504509063,2
2441.1584358153,1
1891.3792753198306,0
2059.0925858969536,0
2857.984567504496,2
1948.590220353601,0
2185.069465831842,1
1904.9232771999782,0
3037.224133267238,2
2117.6601846979593,1
2024.7327894985456,0
1916.9632008639308,0
2634.8071607617844,2
2713.2739165000694,2
1993.0803746444885,0
2868.100738856281,2
2927.960715435567,2
2247.3060033643046,1
2654.9551116599405,2
1875.3734139691583,0
1900.0907036451467,0
1946.648668971966,0
1924.3593597642277,0
2490.041580043898,2
2091.95426539829,0
2069.4723311005346,0
1989.7618671693572,0
2138.4931716913634,1
2006.4112413778523,0
2711.5404319210397,2
2187.9546388650588,1
1935.9109941401664,0
1934.905366992929,0
2731.2989581942356,2
2895.72453500706,2
3062.7724565115345,2
2474.88996738922,2
3064.9321677792714,2
3025.048238520368,2
2082.0407846452717,1
1991.2705511068727,0
1938.9140731336458,0
2690.0633605626954,2
1891.5633250546027,0
2276.0479013577965,1
2324.038275487958,1
2006.9655200419027,0
2668.8810132438093,2
2590.188727071,2
2163.088529353381,1
1913.1265286677547,0
1952.9023527974612,0
1855.7019428990184,0
2209.915717117729,1
2267.0908358112806,1
2067.5510417094724,1
2693.9129590461275,2
2062.855238580712,1
2291.554826522211,1
3054.528419383885,2
2684.7564528385697,2
2217.773524907747,1
2991.7693339851076,2
1965.9742129841093,0
2000.3173637694567,0
2554.3003464453122,2
1925.35764078419,0
2052.0381764095496,0
2859.952177371565,2
2525.696434456703,1
1974.5523865141902,1
1986.6610392189166,0
2283.7666022422277,1
1974.5286972984309,1
2952.585411385737,2
1922.9828142380138,0
2760.4021289700104,2
2317.8197952075275,1
2130.56993273833,1
2807.8859129154994,2
1984.8729028108442,0
2325.583588206306,1
1983.6894708997838,0
1930.7912116288242,0
1854.9121171088502,0
2259.039423483066,1
2561.7908197996226,2
2687.2604238453723,2
1877.7539045413316,0
2178.3997648921995,1
2384.096567982866,1
2048.0304187191277,0
2888.535391410743,2
1895.4822240147394,0
2069.152735883786,0
2037.2612686201371,1
2988.494222349368,2
2555.0536832047105,2
2048.619414468371,1
1926.1843072766062,0
2254.143658297705,1
2418.6027174252063,1
2433.9021113735716,1
2862.102810213293,2
2179.3636204223913,1
2360.1395544664315,1
2181.355588783517,1
1991.3960353615782,0
2855.508066746957,2
2700.3304344310086,2
2359.500875934763,1
2625.282253952157,2
2228.787441966957,1
2807.8702838781705,2
3149.800475802297,2
1947.4942741305233,0
2051.3743194915523,0
2096.9012976087597,0
2373.8763000688746,1
3087.2041464648646,2
2293.918502509464,1
2841.4687757133197,2
1979.0411029039865,0
2826.311816896503,2
2679.5262775233427,2
2063.031413698336,1
2071.2167274568965,0
2281.6562122712944,1
1872.4676903053594,0
2772.067883412593,2
2751.397797634671,2
2528.2559499787785,2
2784.2765870158123,2
1919.8403713293071,0
2032.6930993872763,0
1998.1777478225706,0
2851.810992758143,2
2318.3639896187315,1
1970.8857668415253,0
1910.2596838516147,0
2791.879942054712,2
2702.9871584385087,2
2347.698446744158,1
2845.9478243526655,2
1984.0726620200471,0
2403.697341934646,1
2760.6729667837694,2
2850.901613674155,2
1931.3538875739116,0
2010.5193928768142,0
2158.0732679158687,1
2750.2134193235347,2
1985.0796503317476,0
3066.4906944845648,2
2802.9303212011055,2
2690.024536919064,2
2329.2182708566024,1
2163.689585578455,1
2921.482055275339,2
1952.1406329289327,0
2282.941529725434,1
2862.954000971892,2
1860.3088354659649,0
2104.9749031369724,0
2276.6238845115395,1
2077.8986151154236,1
1968.032717179884,0
1898.6100413942995,0
2216.912953949856,1
1940.1719102251902,0
2810.683533503289,2
1967.6908319963309,0
2577.887845079019,2
3082.9820637329003,2
1929.3885553431007,0
2286.865684912036,1
2112.137603287707,1
2199.0896666009153,1
2622.7893567477586,2
1853.0115715082309,0
2040.0773740037814,0
2134.6568820506704,1
2048.510184865412,1
2750.201271570509,2
2850.8487623448696,2
2789.7789034510597,2
2336.6421796017894,1
2795.3085551298514,2
1917.3985621415718,0
1972.9993427832715,0
2048.5355877930847,0
1997.3115896857248,0
2019.5398225018268,1
2088.3316577703526,1
2990.4583168348527,2
2670.217652936758,2
3060.0667935598512,2
2677.530683583883,2
2093.9205762790793,0
2042.4237675675022,1
2931.0454619641255,2
1914.1915104434702,0
1910.568094008981,0
2774.7551216437023,2
2369.3937765019887,2
2794.6824322941975,2
2050.975594108452,1
2492.1082002691655,1
2035.1447247749945,0
2107.1620986429816,0
1931.5310749025896,0
2339.2120791549005,1
2927.97337228679,2
1986.712840898462,0
1977.1523826253685,0
2840.5295246468427,2
1909.155800842398,0
2224.6331117283135,1
1951.980767053387,0
1922.4311429399318,0
2667.3170638291153,2
1938.3777897195068,0
1983.5690192725895,0
2047.672315343117,0
2231.202368523555,1
2554.715551574239,2
2118.4180444790604,1
2364.6658393136845,1
2792.20507851769,2
1956.3176556292435,0
2000.5410491467435,0
2244.2112098834423,1
1800.0,0
2124.011334753176,0
2004.324973697357,0
2666.567435546834,2
1965.9654435096656,0
1960.7000751521769,0
2269.49977313788,1
2662.938280196128,2
2177.7890867960787,1
1962.5496752304657,0
2986.4122978077644,2
2247.034754586947,1
2305.312510253619,1
1883.2189376696524,0
2825.188448193838,2
2045.4473106206099,0
2784.470145824638,2
2748.2903465753875,2
2815.376824067891,2
1939.5403060510346,0
2166.9336313559975,1
2261.1497459075326,1
3115.431907200928,2
2770.177546090373,2
2018.4658943051616,0
1918.3247603408797,0
2038.3503196761897,0
3023.0107314544302,2
2804.108738762518,2
2040.8222416700896,1
2623.730169301502,2
1850.1137779495039,0
1810.1242787195442,0
2782.917848930289,2
2635.838801849441,2
2723.2370258282804,2
2303.7215286336555,1
2956.828193070083,2
2216.768306238937,1
2023.666730613399,0
2474.899487347292,2
2478.6339800687547,2
2037.5369934335413,1
2147.569843895184,1
2467.099029092853,1
2157.1385616066586,1
2172.7749699642927,1
2586.396578560915,2
2195.4347447101845,1
1960.5994101001359,0
2266.023546343992,1
1908.0133817002586,0
2358.8075031430753,1
2027.346314748541,0
2412.990123209442,1
1957.7958307957824,0
1906.1993610725626,0
1932.1265108993246,0
2169.606868530483,1
2059.2437797742596,0
1977.667458493795,0
2938.7096269983895,2
2147.7178876088083,1
2598.7061362663785,2
2011.7648368131545,0
1941.649084480668,0
1816.4564683413478,0
2762.8028016381922,2
2868.66356102378,2
1882.4566440041874,0
2378.7418319660956,1
2720.6131093288104,2
1833.6857076252606,0
2154.95015534765,1
2240.4007165186395,1
2836.0519346400824,2
2734.416068139497,2
2010.75298755634,0
2091.3239106628944,1
2695.2164869454673,2
2204.881657121669,1
2150.875295947795,1
2111.3194659490155,1
1942.6962855363251,0
3045.6993405128596,2
1898.6627878715553,0
2854.1662883174754,2
2669.1520748996895,2
1994.1917228728175,0
2012.143777939799,0
1854.868956955927,0
2696.7761658777254,2
2108.038386444293,1
2088.7309691142173,1
2825.1334699394365,2
2186.302068380078,1
2382.955259264596,2
2684.808457744022,2
2135.4195824109756,1
2038.281665517521,0
2684.935934378346,2
3051.864580238951,2
2000.6069731449268,0
2090.796713062111,0
3031.108862185027,2
2189.8478949059718,1
2806.5172774657412,2
2874.59685044811,2
2149.55868616038,1
2844.531556280937,2
2658.7175797283194,2
1915.0540678005032,0
2007.2735206686054,0
1828.0616130601588,1
2346.649628695598,1
2132.956641899833,1
1886.9004541146744,0
2142.592732388521,1
1979.1893207243854,0
2208.1715900710146,1
1972.5641822313469,0
2776.8948078588137,2
2047.4461683353732,1
2183.4417044241277,1
2852.2944782505833,2
3008.238865311762,2
2699.2991949894604,2
2747.419985375322,2
2010.8862779235255,0
2266.2423466882788,1
2768.8152899048596,2
2652.920449789106,2
1896.9726862309722,0
1908.5576673788128,0
2058.079901346622,1
1969.2296734794045,0
2812.757204971367,2
2223.7368190623024,1
2718.613507261966,2
2124.1210008144476,0
2749.4098995240156,2
3027.572201417864,2
2197.8783356211643,1
2060.559000455622,1
1828.567752372845,0
2663.3529054066094,2
1942.9246802275816,0
2063.6211102441243,0
2386.313982510171,1
2979.457659249148,2
2880.4930612635144,2
2658.253218296117,2
1860.1015810488707,0
2868.7917278024524,2
2746.574053455597,2
1972.5631666871343,0
2847.977536904231,2
2291.55631343027,1
2043.3490441047456,0
2562.2443681015993,2
1994.416843052606,0
1938.748467799763,0
2342.0655740820844,1
2042.71110190457,0
2048.5153095770343,0
2315.305571123408,1
2781.473161281075,2
2189.7121765248985,1
2838.1619838729807,2
2155.177722345401,1
2112.0534118393302,1
1908.6814212042666,0
2796.0388330682267,2
2024.8827501738726,0
2676.12152858867,2
2782.1737064544354,2
1931.357335885633,0
2189.850135480496,1
1994.8494336456413,0
2556.9697886420704,2
2072.8209237481087,1
2017.33272195184,0
1985.8994192187893,0
1995.9249463834008,0
2820.324794376878,2
2214.391553827771,1
2818.964136415831,2
1995.6641873368394,0
2299.70194283641,1
2121.953285333271,1
2084.084535005702,1
2282.071225326084,1
2390.1376113557812,2
2029.012846645305,1
2232.2666731618056,1
2953.7447620109274,2
2461.280849290478,2
2053.6393371198487,1
2050.675355005015,0
2014.4591908868972,0
2623.694735803861,2
2806.1752520574505,2
2957.1524309327906,2
1886.7205326449487,0
2150.7898320490754,1
2241.8145883970683,1
1907.33396658183,0
2898.9011043692944,2
1916.1116503439962,0
2311.151034585724,1
2265.008832629044,1
1926.2325053759944,0
1833.9472244442475,0
2918.1427595160712,2
1930.3152743192672,0
2746.7880632578995,2
2187.2134715278858,1
2821.9040691268074,2
1891.476626736846,0
2292.067113721704,1
2647.8838600003714,2
2747.8658286314717,2
2013.300243083788,0
2165.6742873139465,1
2028.0605944778445,0
1992.952265033534,0
2311.714260512975,1
1905.9159938288394,0
2016.8063052600535,0
1980.120270792988,1
2134.9633613071765,1
2607.3097553127964,2
1937.8674940027863,0
1827.046877756744,0
2794.537287350787,2
2711.937042993198,2
1980.7699320065092,0
2749.8331431808742,2
2888.4132995606838,2
1931.7171422891743,0
2913.085956923314,2
2990.9478732715347,2
1993.0801854375336,0
1900.4954107647038,0
2955.175540107862,2
2766.2860398065495,2
2785.448551043654,2
2129.12732974058,1
2189.537409140246,1
2180.3248159338086,1
3008.042144463198,2
2681.0599370606765,2
2924.0959324750306,2
1943.33981712513,0
2704.4707098369145,2
1975.9132034103204,0
2649.341976657724,2
2903.2892428345704,2
1882.7728367937023,0
2836.8420422895115,2
2264.3367350630897,1
2147.3460507031928,1
2159.6330723688575,1
2307.5642767057534,1
1960.394557052618,0
2171.993151690938,1
3040.325948528679,2
2067.637790628997,1
2304.9815774749095,1
2238.0117997203374,1
1952.605954177503,0
2111.3262291335013,1
2055.0752277839074,1
2848.131123942619,2
2065.438238124018,1
1927.5152574106037,0
2628.1578467685376,2
2305.2993130050513,1
2303.5550826734598,1
1832.7985297314244,0
2756.6193829435815,2
2091.017523622706,1
3013.73615589781,2
2610.759755429336,2
2169.4901780754863,1
2850.101272433306,2
1828.2833901761783,0
2039.1805671165296,1
1975.7846666644411,0
1980.464787836962,0
2975.3697769334185,2
1886.1569350274647,0
2235.128155659458,1
2249.6129782540943,1
2888.9002642064197,2
2639.6340665974867,2
2006.6138345055303,0
2653.4628240361235,2
2994.1961304682495,2
2242.3556311181746,1
1917.902785629259,0
1952.0232823073604,0
1967.8516587031058,0
2097.000434696441,0
2125.796797789315,0
2204.5617270147914,1
2642.2381781065105,2
2636.7648929399493,2
2718.0302032339773,2
2204.49985353718,1
2818.8307104267324,2
2814.4039800078804,2
2926.2109993526033,2
2103.4953512092907,1
2183.7109081023727,1
2637.6191226945275,2
2009.4945461202487,0
2205.626459665793,1
2028.0307481569173,0
1889.473578969415,0
1986.7845069428138,0
2976.413666733569,2
2067.870794141158,0
1896.1098255943145,0
2278.5093108123265,1
2717.2590213735753,2
2235.4082707646526,1
2428.018687462219,2
2798.3280765573177,2
1899.2974584396566,0
2236.012835614054,1
2224.538114479856,1
2794.378207234811,2
1953.806930267199,0
2914.2401185127433,2
2000.185604855174,1
2033.0236072428409,0
2733.9754874928967,2
2868.1131635080087,2
2521.996468063317,2
2728.5450631874937,2
2044.4845786885996,1
3081.4179353214267,2
2006.3994658658307,0
2259.3844465811267,1
2113.00722171679,1
2822.9042185760472,2
3033.2867222951368,2
2115.7652036245886,0
1941.3289959671145,0
2238.813252693458,1
1982.511173900152,0
1883.9152581219955,0
2566.2729784639773,2
2749.6802223643285,2
2853.5394264350234,2
3026.297220302614,2
2825.369758195928,2
2738.7213356427237,2
2952.0753799344616,2
2530.8235603477756,2
2978.6983417198585,2
2314.160817064154,1
1971.329380589306,0
2057.449850173467,0
1898.9012247443966,0
2845.250318519009,2
2730.6253099263586,2
2263.043960237009,1
2860.5604667618295,2
1985.4732095567524,0
2998.4544505019617,2
2134.2961187114115,1
1979.5498533682196,0
1966.5588610891116,0
2914.3884062657426,2
2052.804693136877,0
2640.093832497826,2
2129.6250723386624,1
2007.1252363686726,0
2242.8969385870023,1
2921.5601476765937,2
2137.6095622425973,1
1947.9225072701734,0
2255.794522053258,1
2867.453179365125,2
2972.9216335599936,2
1895.610473858901,0
2958.909366657866,2
2878.8813854781506,2
2843.4314259949806,2
2501.9275058444446,1
2655.6777317824167,2
1893.872461060813,0
2111.0612519451947,0
1938.8686459237585,0
2005.5274170083696,0
2877.334884010639,2
3093.6340488283677,2
2679.9224229468714,2
2159.5356882743868,1
2060.827686784626,1
2980.9584366590057,2
2545.00109293131,2
1932.7039369941656,0
1910.9701709665303,0
2666.913871441348,2
2683.617621320256,2
2300.9179379476045,1
2832.006700841721,2
3067.941712312306,2
2852.771903364039,2
2318.280318647878,1
1994.6418078236659,0
1939.6617731802846,0
2077.037164661051,1
1945.8444676882452,0
2072.845188640248,0
3001.8043649523215,2
2608.4964912489722,2
2901.703356490334,2
1886.6410934594212,0
2029.961365203165,0
2873.70595352293,2
1854.9420447049442,0
2034.382319523155,0
2611.2756486899207,2
2895.779453008549,2
2447.4447282543188,1
2260.139980967969,1
1939.1310344880153,0
2144.899799476459,1
2216.454424332076,1
1921.8564287604688,0
2338.804414159723,1
2224.9950271978155,1
1949.6049175031762,0
2212.550767431014,1
1980.3216779856868,0
2086.9175891213517,0
2074.3964035781987,1
1937.9150887106643,0
2782.0316665463897,2
2742.259666482937,2
1981.3355227814686,0
2140.468583340595,1
3001.925885301352,2
2386.1840065357146,1
2001.8219694684885,1
2152.3128998847105,1
2361.5143405652375,1
1899.200684282236,0
2241.59626898543,1
2670.029704198659,2
2518.41926002133,2
2881.6673396444075,2
2966.0572050790884,2
2184.427559598079,1
1990.5060939695925,0
3067.977801552326,2
3036.1685118786354,2
1997.98480030324,0
1932.055328133819,0
2123.6848918579476,1
2191.9541895883444,1
2328.6837580728757,1
2965.4064573867786,2
2810.8523064007904,2
2788.836346568728,2
2323.412719673844,1
1963.965690283659,0
2941.4594314231863,2
2619.4785429258827,2
2902.9866251543576,2
1955.296922994724,0
2053.0031717827355,1
2136.114942485119,1
2260.8776871788746,1
2134.261237840932,1
1837.2696327816877,0
2347.0397633154007,1
2027.2116467592182,0
2843.1970146835856,2
2915.1919362610774,2
2751.801497313675,2
1994.7657004878054,0
1870.9891646342685,0
2777.44127693386,2
2771.619365017811,2
2003.6942364369443,0
1975.0108211767454,0
2305.2405699009464,1
2110.0240269573164,1
2095.9926394997806,0
2821.322746466222,2
2290.51947911804,1
1973.779603229769,0
1963.9277781091914,0
2930.5717687951933,2
2100.831094234128,1
2017.1846493470837,0
1952.0241725292512,0
2235.9224781795574,1
2942.480131326482,2
2825.078712971549,2
2202.0452120422547,1
2703.9087246546246,2
1947.5991474313887,0
2749.0442640385427,2
2909.1255720539993,2
2637.2687843780204,2
2264.2123243241167,1
1871.3760443156045,0
2553.986717478775,2
2732.5404352580636,2
2010.9232299708551,0
2930.771236145336,2
2776.6738880141215,2
3104.915345329356,2
2816.9559545238794,2
2913.726293846201,2
2970.4241291280546,2
1961.5808447797556,0
1938.3882189000824,0
2610.1068807243228,2
2010.9472242296627,0
2004.237234354849,0
1922.5412277081398,0
2699.856318146724,2
2257.915058161425,1
2015.8025361921284,1
3033.571103330016,2
2779.801368360741,2
3115.2033362764682,2
2058.321365988309,0
2210.504892998769,1
2251.607550244625,1
2863.0671435864083,2
1896.7270881041811,0
1832.5906365806254,0
2912.852507530924,2
1807.7918287531056,0
2784.9024822902434,2
1931.2982888872887,0
2390.6946282119284,1
2142.5302530429303,0
2051.7682193042738,1
2710.5940879876557,2
2334.446692549717,1
2310.3188185725844,1
2330.9594554294613,1
1960.0320491859336,0
2674.9928056283397,2
2044.0182198818727,0
2219.6307007064866,1
2238.0900922005967,1
2064.618139246236,0
3076.561948569547,2
2177.0679197342565,1
2844.024192687977,2
2134.325599354432,1
2773.757854712124,2
2088.163615681242,0
2333.2068236915957,1
2117.89862217864,1
1917.8678769715455,0
2924.059706960569,2
1906.97912351722,0
2398.857682898999,1
1941.8905760646926,0
2886.693712578473,2
2139.6664980015457,1
2443.10128746269,1
2480.772969081765,2
2350.515701505658,1
2322.4945266934023,1
2736.086343106566,2
2712.576000825837,2
2642.649701032692,2
2782.568421646769,2
2761.1350992724847,2
2012.2533772183197,0
2874.7575875176967,2
2482.517183146344,2
1948.997212503044,0
2410.92260314946,1
2331.017768524753,1
2184.2090121979327,1
1857.3106595165295,0
2959.535313039889,2
2971.8770749183527,2
1925.533110978609,0
1958.323974739607,0
1953.8008155050522,0
2220.861400499473,1
2091.9305004330718,0
1938.832679079121,0
2036.9838339196147,0
3023.7920891131434,2
2436.856392121271,1
1988.137091563824,0
2898.928699399797,2
2004.8129120412232,1
2883.606480595842,2
1997.1365496782673,0
3033.3599136244197,2
1910.1188606751834,0
2579.3501552751677,2
1907.0931381551457,0
2100.2217636999494,0
3021.261019351784,2
2234.6881388189413,1
2245.1944635709806,1
2176.706130589224,1
2397.484357373622,1
2210.0101372331465,1
1966.0395598986017,0
1989.7225367830931,0
2786.6552776339263,2
2036.2943307354503,0
2951.4070817342663,2
2933.0254738900553,2
1904.4951998407876,0
1875.6233779434397,0
1890.5729017862006,0
2862.4526983890833,2
1923.5622641601353,0
2158.898872728635,1
1972.6931782211109,0
2017.7962103488826,0
1919.6233315282493,0
1917.8332340923882,0
2214.9110215658543,1
2050.3466405242316,0
1985.5858203044227,0
1925.8215750156667,0
2698.565801569222,2
2256.5283866113214,1
1973.8726533439803,0
1993.4408653345995,0
2095.7117684651857,0
2188.80760164298,1
1926.6859711075763,0
1941.0702311482084,0
2176.3496270215646,1
2799.953512376522,2
2123.3200548174755,1
2738.9671367461237,2
2250.4132426982756,1
2004.164074725102,0
2089.06440366177,1
2860.8892253995814,2
1901.0455982121607,0
2789.7640657976644,2
3108.097413645589,2
2070.0061044796935,1
2062.216679929736,0
2154.582698014686,1
3096.3974174801574,2
2334.727496575113,1
1800.0,0
2025.3164290632453,0
2270.3363355354377,1
2022.995823980481,0
1995.3106665617347,0
2853.5166080100494,2
2769.0429347559098,2
1901.954675751496,0
1999.274275951639,0
1986.2836291644855,0
2677.5541242431477,2
2138.1153665249676,1
1920.4056623858733,0
1803.1850188285994,0
2342.410307142929,1
2837.401374132938,2
1952.217255650445,0
2669.660110715966,2
2456.5402637652537,1
2218.734062379933,1
2050.8868023748564,1
1913.9336216126242,0
2245.098395446466,1
2007.7229030646727,0
1898.546288084202,0
2252.1773507829985,1
2095.982819195849,1
2666.2651437688855,2
2024.3646934938322,0
1970.036489550222,0
2187.337158797249,1
2114.311865052807,1
1896.7950489512018,0
1996.30243441066,0
2961.610634842867,2
2290.9138460845866,1
2082.5928832240247,1
2637.3436263723074,2
1943.80939003419,0
2016.4095985117056,0
2128.2453652557733,1
2313.9055538026405,1
2194.7121518476424,1
2214.657589022875,1
2665.9650633455117,2
1999.6444864955731,0
1937.021423748461,0
2352.520133807428,1
2038.4455742559717,0
2169.96678620281,1
2310.2472834010946,1
2075.481164289909,0
2844.5072464582195,2
2230.4043623216035,1
2410.2324619059304,1
3035.016822253618,2
2229.7986892297827,1
2298.1956702119674,1
3049.5234578132245,2
2035.9571403118377,1
1937.0646095736743,0
1919.4201581268312,0
2055.6141026949376,0
2119.1237056941313,1
2223.8583143424767,1
2409.01726802661,1
2156.746821424173,1
2966.8751883991085,2
2237.27865066505,1
2842.346990089716,2
2177.8080238720568,1
2190.2103011321187,1
2650.7988962829418,2
2835.415584071494,2
1883.2687398689882,0
2043.1243955823436,0
1954.325030198232,0
2046.8744742437905,0
1965.185964577355,0
2784.6833773215853,2
1889.921738519081,0
2115.775571005345,0
2790.681996081654,2
2069.988133765242,1
2054.6408976112743,1
1992.316508764688,0
2652.917419316013,2
2096.8056352115627,0
2083.372045410981,0
2752.0038570967204,2
2043.643871941619,0
1927.4838014613188,0
2385.504372350926,1
1914.5819186985045,0
2602.802528624706,2
2930.777492268373,2
1800.0,0
2187.959845137402,1
2863.595910193038,2
2183.191480427689,1
1817.2627059698652,0
2213.7957665473505,1
2584.3478138824894,2
2320.221433969858,1
2027.8952296865698,0
2231.9405909724615,1
2573.643441740091,2
2776.2211920317563,2
2336.8588939582005,1
2393.349205619868,1
2662.7994776607825,2
2529.977368465229,2
2315.796249392421,1
1844.2584662674913,0
2611.097477049033,2
3057.661155624573,2
2232.1191692356724,1
2714.469115190097,2
2166.2209012433277,1
2194.217267517615,1
2031.7709914826805,0
2587.6974856098605,2
2982.7366360577807,2
2185.376704143756,1
2172.386088762483,1
2437.2529210743432,1
2410.1050210616236,1
2957.285177872425,2
2357.041591797891,1
2932.6201422529602,2
2849.252621167773,2
2599.5252607872744,2
2337.101606797166,1
2594.1585743680835,2
2015.4983325475816,0
2110.2791552222056,1
1912.115469026568,0
2811.1585179455656,2
2224.0993525289477,1
2747.860656374282,2
2039.6586613932934,1
2946.3446321720107,2
2048.936964978768,1
1800.0,0
1911.1738195920925,0
1912.0486225457346,0
2892.8138486936464,2
2076.690566811925,1
1938.5093839971903,0
2287.8216500092612,1
2088.8135220187055,0
1987.0044223914165,0
1993.1701000667956,0
1838.5036456550652,0
2759.5302778905334,2
1997.764164600045,0
2122.148211522225,1
2267.5330359905743,1
2780.4616039398106,2
2085.2087784399214,1
2148.9131415903107,1
2975.139719309932,2
1996.8979690742017,0
2026.442788670019,0
2300.731351860817,1
2778.6336410932463,2
1978.0071981220794,0
2317.067163591116,1
2285.4565648674247,1
2142.5661919744484,1
1960.0980703981543,0
2185.62711472741,1
1883.498339815744,0
1903.967786578606,0
2774.046299809625,2
2332.3190703052614,1
2689.0688864769736,2
2184.567706086154,1
1950.1134154657807,1
1907.6315162381754,0
2187.2263523791316,1
3028.4505772342595,2
2981.288654066227,2
2975.493848526401,2
2089.751556939728,0
2262.458324204487,1
2277.6158464200003,1
1958.5166174511935,0
2869.201806229949,2
2095.8559862854127,1
2639.690490512148,2
2128.2325766092144,1
2126.2993526710807,1
2608.008393983185,2
2386.21818731768,1
2180.1544064617287,1
1938.0871012179432,0
1944.7915150490246,0
2743.4107480915372,2
2824.797950391335,2
2846.1051585007426,2
1968.8391695917473,0
2176.5509029518566,1
2946.0361328481204,2
1969.4714225234743,0
2177.744554294508,1
2874.646506099507,2
2765.483050769761,2
1956.030206188535,0
2915.486438558184,2
2368.025606434754,2
2144.713615152947,1
2009.7964654086854,0
2185.9286507438233,1
2499.885982280873,1
2098.8831821740555,0
2876.2607685469725,2
2226.003411174618,1
1965.7328334817646,0
2678.525105210137,2
1949.2114452499295,0
2002.5716169984396,0
2190.075741723144,1
2056.6885163340844,0
1987.3683867099844,0
2597.3250836098377,2
1933.0470282735746,0
2072.7943543970027,1
1925.612952599935,0
2916.1978863786385,2
2784.818312511632,2
1973.9440174152217,0
2707.46784153768,2
2181.5004617298096,1
1978.5773670935205,0
2731.6317622124197,2
1841.7974763370771,1
2058.881030647722,0
2136.915367781055,1
2310.422310426519,1
1946.2583821763687,0
2253.761882947878,1
2689.504741049142,2
2297.0115760784583,1
1948.8911877547187,0
2763.1359308339725,2
1984.2794792557117,0
2941.0423848461814,2
2992.3976784404895,2
2687.3463673753845,2
2028.2763375708407,1
2003.458463231476,0
1975.7459222982357,0
2348.195250441173,1
2322.4100135088665,1
2750.764222865112,2
2879.788821168155,2
2008.2982424029033,0
2279.130722365671,1
2171.6582857348235,1
1993.4358072581745,0
2567.830415190184,2
1972.0657773896714,0
2404.376722888136,1
2253.14924116378,1
1951.4218193748598,0
2023.6354201132774,0
2255.646026675318,1
2315.1888844987625,1
2170.55160597274,1
2678.8408503630653,2
1922.0164494925111,0
2320.261553641018,1
2028.1405944312191,0
1856.1957589682602,0
2271.0054429836914,1
2077.4583230693115,1
1948.889312882755,0
2094.623556610897,1
2850.993008108441,2
1909.7742140343257,0
2099.1169743011505,0
2435.691037672913,1
2034.3234643946485,1
2780.7438767230506,2
1960.3998244132804,0
2969.707008197922,2
2118.4692920078414,1
2915.6014723921717,2
2242.3662165308,1
1938.5329544952242,0
2190.3260375695118,1
2066.9610246067714,1
2212.7264736624097,1
1938.1172642935915,0
2755.9792332395145,2
2235.345100206938,1
2269.880540370901,1
2201.555535793765,1
2942.3200902947874,2
2810.4471865963014,2
3001.130492812678,2
2075.6414808105606,1
2775.161504138806,2
1924.8702343689358,0
1990.1894407297184,0
2713.0085231862904,2
2858.62961812858,2
2842.362396360231,2
2138.0736587140473,1
1915.7587399728566,0
2327.3548311957493,1
1948.375680854937,0
1825.6514893077008,0
2296.319805246939,1
2212.9249254118813,1
1974.4086024698536,0
2834.133878063291,2
1974.080689198525,0
2245.574846176968,1
1930.0923311056126,0
2268.0124922862333,1
1892.2236450933435,0
1958.4294190909407,0
2784.2967749796026,2
2847.4155176808454,2
2037.9358166840818,0
1859.39751927084,0
2068.0527646115097,1
3050.159393760407,2
2336.0890989703353,1
2362.547016719997,1
2708.025575004701,2
1952.838214875937,0
2702.4058973947213,2
1917.8286444917699,0
2288.1088614100104,1
2615.842058194583,2
3200.0,2
2706.000666596028,2
2563.686430266268,2
2333.050554693583,1
2121.8860054524844,1
2147.0225176580298,0
2228.450871724612,1
2167.479469504145,1
2238.85395683612,1
1887.376627748585,0
2027.2827522266548,1
2321.903774587582,1
2306.5460156440104,1
1993.3152963248353,0
1910.208115005747,0
2114.3298134336806,0
1926.1435344942954,0
2969.2592473478394,2
1986.6981883046956,0
1835.00847839096,0
1965.2094290983418,0
2213.359598409439,1
2183.401816750384,1
1979.3645818096618,0
3021.821140808833,2
2128.955591089795,1
2406.5700249975894,1
1967.0850108777904,0
2963.2672098478174,2
2085.511805859369,0
2817.9618355333714,2
2796.799529042698,2
2021.1653702174135,0
1976.1928102087081,0
3131.3258382313247,2
2070.903286626015,1
2460.605862246781,2
2721.9311435093514,2
2655.0139950423454,2
2740.9536347963685,2
2517.432832053853,2
2250.559078592538,1
1938.544396450353,0
2021.5370399005374,0
2536.9961699137593,2
2811.021248751893,2
1915.9006676479084,0
2537.229795147985,2
1898.5373962252193,0
3069.3370188715894,2
2401.915492793586,1
3036.5816487685015,2
2044.2946074010615,0
2224.820695018797,1
2231.3576943156513,1
3064.0206810930185,2
2013.0469992727933,0
2355.140216251989,1
2722.538117108989,2
2277.8236061919047,1
1844.5225972371636,0
2269.98454324981,1
2252.8609766541654,1
2649.85399872746,2
2045.395789879439,0
1965.3583103716621,0
1990.496413844589,0
1952.3958135243652,0
2769.7342623274358,2
2069.7615734462474,1
2159.935571331661,1
2978.2004098596117,2
2225.1076877964488,1
2171.958334765831,0
2194.747216472569,1
2238.7345596657096,1
2305.961746086724,1
1822.6456585945728,0
2814.2608238680073,2
1991.1860367586232,0
2764.2429957098243,2
1956.9082430298229,0
2963.9377656101433,2
1956.7976068391808,0
1910.995612792742,0
3069.880120182994,2
1938.9505749800671,0
1969.4328123470175,0
1966.749763724624,0
1963.4590791575465,0
1929.5272869387895,0
2125.6872427447697,1
2296.6755933591335,1
2272.39936951185,1
2376.2232992628096,1
1921.1439373872395,0
1911.6269219701076,0
1914.3530939149027,0
2070.4132933543656,0
2121.6509807970237,1
2671.594377587793,2
1976.1833317638263,0
2580.4860302610473,2
2872.2398737418157,2
2992.516382008817,2
2404.799784990682,2
1934.3795380372428,0
2051.58185176877,0
2812.921361657607,2
2771.381567293675,2
2774.0234466731877,2
1904.1867526152337,0
1872.697312965482,0
2665.4126400029613,2
1923.869714492941,0
2309.3103609791065,1
2139.880583804886,1
2069.596834096127,1
2145.668803117374,1
2860.31326725933,2
1999.6329166496184,1
2016.8469334053673,0
1983.1822145488268,0
2170.5050013477658,1
2100.7729272829765,1
2483.516396675206,2
1923.834562314396,0
1956.0253305478502,0
2268.1061359407804,1
1947.1893979148413,0
2179.467658545471,1
2819.066160911779,2
2129.4435991495675,1
2088.6576589731635,1
2102.4433426096434,1
2248.705818326898,1
2752.9584342077023,2
2851.5356708808577,2
2749.0400948065476,2
2134.5428355302715,1
1912.0690842101844,0
1881.137609588076,0
1838.950625503454,0
2303.0977784096685,1
1973.2585263665742,0
2925.918831006351,2
1800.0,0
2201.612750802089,1
2047.4810779873796,1
1899.0014365401344,0
2997.337548689003,2
2049.300473451541,0
2729.462979199303,2
2942.400512755813,2
2243.7544535323864,1
1994.2967516741535,1
1959.9389070877885,0
2854.6944070352324,2
1949.9985466424032,0
2968.581982018896,2
1960.2483998614262,1
2031.4628157177463,0
2045.6658740215717,1
2293.923396659078,1
2229.106388080246,1
2733.1278516933294,2
2217.1139982431137,1
2955.5859906806195,2
2653.238499708391,2
2288.080938635856,1
1965.8787820158464,0
1972.0947686137781,0
3006.2509385018516,2
1943.8048663441214,0
1999.627352305596,0
2843.4484295941184,2
2667.751439587276,2
3038.277118716203,2
2693.521231283309,2
1928.4815646236716,0
2178.963484725526,1
2011.909946985679,0
2184.7004384546262,1
2297.252569393914,1
2074.3389338517427,0
1964.2739613414115,0
2881.8088276181497,2
2165.3930260099614,1
2953.1969424702393,2
2354.7866024168325,1
1934.180343448977,0
2014.369787087073,1
2001.4400200352304,0
2062.14558293852,0
2913.3429245313487,2
3030.9886462493528,2
2171.0932334142913,1
1886.6778901439554,0
1988.5430549904654,0
2493.361573245207,2
1968.8852643514983,0
2745.874125066783,2
1962.2354319142198,0
1886.105742279151,0
1952.163882100168,0
2217.5543396133685,1
1924.9390794691324,0
2409.6995064752505,2
2026.6228026785218,0
2842.4062036021105,2
2649.6090135141444,2
2149.647616601658,1
2244.8171703562375,1
2077.6606393272677,1
2016.8911514486224,0
1985.1787593644651,0
2281.0962176091784,1
2803.6641804423894,2
2277.388477755412,1
1951.9898152469652,0
3016.146931167264,2
2305.417910202164,1
1919.1786901213477,0
2788.427096796034,2
1978.7334727430834,0
2828.225735950222,2
2177.524768527233,1
2215.419565687923,1
2258.9504075159716,1
2234.782567047306,1
2722.185294599773,2
1899.096561524107,0
1962.103489925067,1
2780.0307978114784,2
2179.5557422715638,1
2035.777066644114,0
1941.5606697423377,0
2379.1306486747567,1
2956.0436627164518,2
2767.5572616309714,2
2255.320119970274,1
3125.1763467671303,2
1978.3098710875947,0
1986.7270516208057,0
2661.0394525771762,2
2800.1042250934884,2
2691.5817464304537,2
1951.2474686218593,0
2816.836753176482,2
2216.165553177676,1
2767.5183912656557,2
1921.049162120765,0
1947.8171053807448,0
2311.5959280776788,1
1975.102195026416,0
2258.822568647569,1
3026.052717817873,2
2681.2165026238895,2
2218.3886664849406,1
2231.564401042009,1
2080.1577383056656,1
1893.0526813731476,0
2033.523482780963,0
2360.6938073945003,1
2575.832730095211,2
2582.2285529445357,2
1903.9629021296628,0
1879.2854567525856,0
1916.9632723882164,0
2324.5501835446207,1
2319.111441166334,1
1924.2258847756993,0
2018.856174019563,0
2035.1148046532253,0
1930.9099560011307,0
1949.7036107977478,0
1968.6225811437916,0
2080.265251627604,1
2192.8542390844545,1
2302.35117591918,1
2224.2114926121544,1
2572.646846386321,2
2126.7808757329626,1
2705.725380715355,2
2113.9680260917503,1
2877.2595988659605,2
2158.699954636222,1
2259.2601889034213,1
2178.8925941638868,1
1925.98179882175,0
2093.0289327409614,1
2108.219865334936,1
1997.3583912105632,0
1898.1008410323202,0
2372.8869369813788,1
2867.5445335055183,2
2954.9523015347477,2
1965.3523110389426,0
2250.09943503369,1
2119.659142010627,1
1959.6864471852582,0
2018.3932746062833,1
2425.9251217726246,1
2342.7382659873247,1
2156.0133362183387,1
1896.465922317583,0
1984.9996274945888,0
2826.5192314315773,2
3038.834030432121,2
1882.181959985829,0
2021.3227264270934,0
2049.772416742436,0
1883.2176420678254,0
2249.0853155966083,1
1837.7269560363075,0
2736.590398647386,2
2194.6460739851436,1
2944.194501512488,2
2329.7572369610316,1
1996.1468296627386,0
1920.6107018237963,0
1944.4260949034974,0
1937.8710133453997,0
2663.800225811918,2
2954.7161184964084,2
1936.7369847971554,0
2047.1684982564311,0
1991.466853667207,0
2146.768635049343,1
3053.9329278403206,2
2268.57670273808,1
2687.7594432503915,2
1974.9306390062015,0
1952.3717155741804,0
2698.533079147824,2
2370.2732865868534,1
1938.891185486953,0
1929.1949890127107,0
2171.57642719856,1
2302.3511665695128,1
2693.583909096813,2
1934.0492242827129,0
1811.5856329534076,0
2730.4719991567185,2
1981.2608614233563,1
2849.3904473629805,2
2179.107374080604,1
2713.3453261946224,2
2907.0562200808818,2
2928.2206263874104,2
2894.055445296449,2
2312.4789447304092,1
2698.8021835980658,2
2359.40244542946,1
2952.6086967387696,2
2264.7206942829034,1
2245.1575828494156,1
2828.1088291594815,2
1979.3975721692245,0
1997.8991370989327,0
1941.8428121475922,0
2211.8728877094813,1
2391.748789250909,1
3010.3431573918147,2
1999.5576888646353,0
1969.4029319225704,0
2025.2170200428786,1
2103.0048255343695,1
2899.9872279445735,2
1896.715083857824,0
2590.725846178485,2
1912.8533672841709,0
2148.2485162073363,1
2165.736453266142,1
2741.029936320278,2
1950.4821994479435,0
2110.7752277407826,1
2285.4983992902025,1
1806.9704737718196,0
2713.69779691051,2
2368.5072838479855,1
1956.884356534489,0
2275.8353301079674,1
2771.4426641482114,2
3035.7364486884235,2
2061.1510433792164,1
2071.991489633299,1
2173.484067283233,1
2219.908342950934,1
1812.2949256670536,0
2170.333800827518,1
2800.2517350068415,2
2250.919769933704,1
2268.9734514442503,1
2955.226026479364,2
2661.0119498373206,2
2829.350701939983,2
2419.5589763060625,1
2221.6123117341167,1
3007.6840565945904,2
2847.393709716908,2
1922.95075362917,0
2147.13250983148,1
2007.5021326646997,1
1882.9208793571706,0
2086.9581576153473,1
2333.276677618109,1
2717.6480226585313,2
1998.1550928601196,1
2140.221003574182,1
2171.0417534183293,1
2866.3886740407343,2
2022.7958486262348,1
2011.4829228312224,0
2280.045692573138,1
1839.3880202639891,0
2289.129252336992,1
2967.0132545690826,2
2305.1201741617238,1
2019.1933533264216,0
2788.8104921020436,2
2244.074363157569,1
1899.9634458183982,0
2700.546140257719,2
1925.2360244588162,0
2907.4038866328415,2
3184.2550079697207,2
2815.9525093451525,2
1875.9364969536275,0
2240.071565344244,1
3027.115325184405,2
2046.7912191853463,0
1921.8404904654983,0
2182.732384430789,1
2906.2102554920793,2
1976.9859645900306,0
1937.8004443905788,0
1974.0111210924713,0
2339.686557760995,1
1880.2503544776546,0
2779.420484958168,2
2499.9232569390965,2
1849.2544881507308,0
2872.9774333905193,2
1951.5277905575365,0
2216.358110651927,1
2041.9134928089752,1
2015.6498317076569,0
2238.8094669817406,1
2150.7011336459477,1
2106.5303961516956,1
1907.7942365248891,0
2612.4760826399165,2
2812.795875298996,2
2830.5062758823533,2
1945.4261553729566,0
1914.5069511696204,0
2518.8964679065457,2
2839.83622247332,2
2131.3615742535167,1
2794.7938895614698,2
2996.3638489942778,2
1838.8441051242303,0
2193.14876084715,1
1878.7085382244445,0
1926.5353940293385,0
2059.5131034142887,1
2257.0702088256267,1
1949.1710844765428,0
1912.8494679311982,0
2375.6928216949796,1
1956.0595709859947,0
2253.657469677271,0
1979.4699946799235,0
1928.2164417549245,0
2913.049415521078,2
2087.5536294451445,1
2759.036667726135,2
2120.810780570422,1
2779.9101794505277,2
1821.767612389093,0
3136.233899246861,2
1981.0503617333707,0
2064.098231810496,1
1908.9097589982068,0
1959.606151085831,0
2980.7139789359553,2
2749.8495389366108,2
2080.632569803625,0
2029.9492174660106,0
2169.1227150843415,1
2927.268941871557,2
2187.1041545001744,1
2967.3138049345007,2
2096.1103127584233,1
2782.05915239392,2
2071.925737714661,1
1948.5204591819397,1
2321.7293070738747,1
2705.2142706553427,2
2611.1918338062897,2
2061.1823330027987,0
2943.960493786443,2
2165.178487944629,1
2781.0572551006844,2
2137.7618058926637,1
2998.385564652064,2
2668.1737555719246,2
2058.4258188540502,0
2775.719543857035,2
1952.1084275504786,0
1998.977594996296,0
2290.3039999037896,1
1991.5782508599566,0
2270.823739452658,1
2680.4551462667923,2
2255.018060320894,1
2179.5633379450296,1
1896.620035706998,0
2926.579477055868,2
2111.0224694750677,1
1921.1945700432696,0
2827.2203161412217,2
2078.5300003063885,1
2950.970695938157,2
2785.7345679199475,2
2187.9789222249615,1
2317.749088267817,1
2887.016857395395,2
1882.361851930037,0
1845.6686899979065,0
1996.0641073834122,0
2607.928965853677,2
2182.3668840395226,1
2071.697580533314,1
1980.0928451733605,0
2747.0182434890044,2
2230.735446420817,1
3028.364295056472,2
1831.2424188709774,0
2251.079493380051,1
2692.3712009726023,2
3045.350722229845,2
2040.9257754683144,1
1965.4540764454412,0
2616.3011670544824,2
2828.2828416374873,2
2917.5609688469654,2
2743.88391397122,2
2917.440284808804,2
2858.9031764794927,2
2289.8032685474277,1
2527.932104194361,2
2009.174872020883,0
